primitive_id,group,kind,x0,y0,x1,y1,amplitude,repeat_count,color_role,label
control_train,control,pulse_train,0.05,0.91,0.32,0.91,0.08,6,ink,Control
control_baseline,control,line,0.05,0.91,0.40,0.91,,,ink,
readout_burst,readout,pulse_train,0.49,0.91,0.57,0.91,0.08,4,ink,RO
frequency_axis,readout,arrow,0.48,0.84,0.65,0.84,,,ink,omega
route_entry,routing,line,0.05,0.78,0.14,0.78,,,ink,
route_stage_1,routing,line,0.17,0.70,0.44,0.70,,,coral,
route_stage_2,routing,meander,0.25,0.64,0.46,0.26,0.05,6,orange,
route_stage_3,routing,line,0.35,0.25,0.35,0.14,,,teal,
coupler,routing,cross,0.17,0.05,0.53,0.23,,,teal,
